name,email,priority,area
Vladimir N. Gavrin,gavrin@inr.ru,P1,BEST/INR RAS
Vladislav Barinov,barinov.vvl@gmail.com,P1,BEST author
Bruce T. Cleveland,bruce.cleveland@snolab.ca,P1,SAGE/SNOLAB
Guillaume Mention,guillaume.mention@cea.fr,P1,Gallium anomaly theory
Fabrice Retiere,fretiere@triumf.ca,P1,TRIUMF astroparticle
Olivia Vizcarra,olivia@fnal.gov,P1,Fermilab neutrino theory
Angela Fava,afava@fnal.gov,P1,Fermilab neutrino detectors
Oliver Schulz,oschulz@mpp.mpg.de,P1,MPI Munich neutrino experiments
Georg Raffelt,raffelt@mpp.mpg.de,P1,MPI Munich neutrino theory
