date,email,name,priority,area
2026-05-22,gavrin@inr.ru,Vladimir N. Gavrin,P1,BEST/INR RAS
2026-05-22,barinov.vvl@gmail.com,Vladislav Barinov,P1,BEST author
2026-05-22,bruce.cleveland@snolab.ca,Bruce T. Cleveland,P1,SAGE/SNOLAB
2026-05-22,guillaume.mention@cea.fr,Guillaume Mention,P1,Gallium anomaly theory
2026-05-22,fretiere@triumf.ca,Fabrice Retiere,P1,TRIUMF astroparticle
2026-05-22,olivia@fnal.gov,Olivia Vizcarra,P1,Fermilab neutrino theory
2026-05-22,afava@fnal.gov,Angela Fava,P1,Fermilab neutrino detectors
2026-05-22,oschulz@mpp.mpg.de,Oliver Schulz,P1,MPI Munich neutrino experiments
2026-05-22,raffelt@mpp.mpg.de,Georg Raffelt,P1,MPI Munich neutrino theory
